Moisture,Temperature,Humidity,Irrigate
2860,18.206307692842316,73.62811529569103,0
2071,32.01936658886711,79.21450077744126,0
2614,22.696883511040912,62.95228799662209,0
2214,43.887806257127394,26.202329977877532,0
2087,29.50636940159774,54.13394667670476,0
2871,39.17977649325474,25.435453427012355,0
3949,31.506796264687853,48.52801217227016,0
2343,16.302375985644574,48.497454238793935,0
1293,33.99454126782067,24.62068908981691,1
2955,43.54210026619971,44.41743737786355,0
2459,33.048354604389935,27.769866915392036,0
3888,39.57566578280371,76.57646470064554,0
2058,41.526193900452235,86.33816181751295,0
2475,21.842393158467974,25.062153268055702,0
1270,21.3613451972468,86.8580645104191,1
2686,33.32942966552975,56.58036195357216,0
3907,27.330854094201143,40.96959745677117,0
2831,40.19583908600161,25.380345269331446,0
2484,42.000693701940335,55.043698764929246,0
3820,25.602641379081543,75.61608811435241,0
2273,22.10611676923446,69.49605340866887,0
1315,38.41576545731586,23.515820802478164,1
2776,23.244181066444085,25.103128475753245,0
2897,39.67842955541035,48.201129784284596,0
3910,27.712147609462885,40.67033458335603,0
3971,35.02649697874411,36.26690261392335,0
2942,17.866059415040045,39.67031492360995,0
2080,33.715779740297194,76.24379203078192,0
2871,28.55303036211687,85.04596375422977,0
3933,32.59825389526422,48.35718861692965,0
2771,20.0404262323459,83.42777014927479,0
2702,37.106212348325464,42.50469908735174,0
1043,40.88391232629685,53.350589044065416,1
1445,21.50219400272327,35.82202984711998,1
1350,17.87143666560485,64.83332295230908,1
1455,15.709157581390091,88.52867806223662,1
2251,34.25914501329798,62.244516723036504,0
2295,33.212821082663424,45.04698588794842,0
1236,31.4009223814221,65.34722121933699,1
2052,21.958412883479262,28.60444749257713,0
2216,26.72717987716544,82.2061356185779,0
2379,32.83429005558519,55.21587655458855,0
2156,29.90300576577508,51.45448194277495,0
1064,44.63356560644662,61.01053519174634,1
2520,19.093192576701995,63.73487039525817,0
3935,35.85433662142781,25.024306435855912,0
2138,27.129563043128762,67.78320548563818,0
2391,27.84598844776844,36.935217622087066,0
3832,36.52793296974529,69.97668427546128,0
3840,35.77308453973109,77.57743560689377,0
1200,44.73767981106565,76.27709552867643,1
3961,18.851828683623758,58.67506771855224,0
2502,18.123289481524992,56.41189246175258,0
2727,36.730164513862235,30.00131729375882,0
3971,32.351607510192274,74.27423052821949,0
3834,23.224819996794174,38.99865663127001,0
2612,17.382581069669598,54.76867959725626,0
1130,17.569747487892915,39.89918650492617,1
3941,41.82572623992355,29.36798540997852,0
2392,20.756019741562287,64.06903878242156,0
3889,24.701146863465624,23.803242437603267,0
2460,21.79969206680964,72.405166388834,0
2863,25.64988917495812,42.231075668278166,0
3851,17.0827152823828,20.009428510313974,0
2899,30.57179372724811,55.77903974660609,0
1406,17.028376907766447,23.279633596932218,1
3942,39.01069523467085,39.33186904746296,0
3835,22.01136245731299,69.48835412190013,0
1326,31.200357438135317,24.38827351353061,1
2085,41.40237262684374,78.75369446492016,0
1169,34.52632107141582,20.267394586100817,1
1440,30.988733596540058,37.277670844133155,1
2795,24.730012593461268,71.863283930645,0
1043,24.990057391745935,42.138910481051475,1
2957,35.0846086559457,27.132467164620948,0
2505,44.82418083663502,45.216374316029956,0
2472,34.85517569548136,38.927530046916786,0
2224,31.733502521100746,78.98983315123884,0
2282,36.919515307177384,41.93435423096002,0
2627,28.956168368511545,75.2252730243205,0
2258,16.804270278023555,82.43105013675142,0
2455,31.868904476337296,50.36721937035706,0
2317,43.728758535161404,83.69602006980745,0
2818,20.25908827072979,46.4122637774235,0
2663,35.70014672461997,87.48548915430757,0
1373,21.028010659771695,26.250266716790104,1
2471,31.074830534192436,68.091348655227,0
3912,17.900293489401587,54.56698283198501,0
2441,28.511128087745554,47.1354163818953,0
1294,37.68489986685738,64.28983151240206,1
2112,25.42714572716946,69.26999641440318,0
2951,34.94735173461654,20.305428875521635,0
2112,38.86349882369188,31.68671621230391,0
1219,42.81533458438358,69.91322354440231,1
2996,22.039262455663607,66.64697895047445,0
2384,26.979477474279243,87.62332535900741,0
2129,19.57248039991252,73.2726453175548,0
2729,44.77450506475125,86.55408954119366,0
1415,42.81002903772886,69.1778351074365,1
2438,31.19871390841679,40.863654604761024,0
3922,40.26099883129264,27.375544557559955,0
2293,30.628739318161266,74.7276704341455,0
2883,33.70757064008279,65.09044550331411,0
1469,17.673732963480496,23.373020867530737,1
2751,37.65811261490424,45.20353261306848,0
4000,18.831404509057045,86.97598708390004,0
2325,39.78202890757585,55.02808019971408,0
3802,38.46084263011158,50.291039521379325,0
2954,36.26234093228929,52.03897236115058,0
2345,16.084811415742863,34.62179068036146,0
2146,24.093850678359857,45.80950196053567,0
2710,22.893377097325285,45.88692791910236,0
2928,25.80409222414557,23.664851413123067,0
2550,17.629282402915155,73.72973399625428,0
1128,43.10873469093188,49.15531023327153,1
3984,31.61406722137129,77.55259207714963,0
2150,24.165729319740706,79.52436007839268,0
2297,26.9094455122285,34.839583828906065,0
2763,28.41607621514507,66.01474375190901,0
2623,33.01783000081852,53.05972629140872,0
2571,30.470382830894934,81.61097165450396,0
2896,42.58175919643252,35.10184754235179,0
2651,29.908904487174908,67.4469240217031,0
2159,44.764740444699385,62.54264855769058,0
3808,40.54274873235288,40.671103430028296,0
2658,21.255315430720074,29.562063255582082,0
3930,42.91785643931749,65.61478323340936,0
1053,18.49099193656428,71.70182206926314,1
3951,39.523491254735745,42.0939140634345,0
1112,26.418698804297403,65.13828228156197,1
2421,41.33922961335209,47.65916353280523,0
3911,41.04170070322351,69.92448182978325,0
2098,39.177762003528635,33.94506924258371,0
1401,38.70091308921184,82.3150501845322,1
2337,24.140374172941222,40.118671752590586,0
2162,17.427578491537567,45.7450191429307,0
3968,27.089405362954842,24.066436645624485,0
2579,20.20573544959526,27.805854862489348,0
2276,35.848532667073854,56.11033318986297,0
2503,25.382991796133567,38.73148737095801,0
3934,44.26830602579744,78.4836158019536,0
3927,34.22916232035996,21.028537205846767,0
2459,39.674416909030825,46.536583407035536,0
2469,18.975740182255453,43.61418827383649,0
2749,40.86043446817868,21.35293416423207,0
2229,42.68271571540183,28.705787930035715,0
2437,29.611857564568076,48.95498724430447,0
1026,33.18758813252933,54.50052091132127,1
3829,37.94429402708987,48.30028230784084,0
3910,20.245158817812374,57.16563748884657,0
2452,30.07698229390327,61.659217243397705,0
2815,26.959890833169393,20.694667478948496,0
2546,19.391219764867472,52.486661161745275,0
3816,26.02603266874594,87.44494686213118,0
1157,17.045169281564807,56.33225960906841,1
1372,15.77435720848461,67.42795872212673,1
1379,19.054988674644683,41.83047005418182,1
2279,43.89345334767522,74.17939647069338,0
2301,31.48588607685051,74.10450373132807,0
1098,43.974664834596595,56.490723335789724,1
1115,27.97493634990396,88.32096762954495,1
2980,24.35448399255779,28.788515033385735,0
2160,30.18425588520732,21.18633654227067,0
2127,28.185350658987304,73.91107482299671,0
2734,18.16994052785232,76.50088761554179,0
1322,34.22478944070619,28.414506038440337,1
2791,21.48114547528799,38.590798307102425,0
2942,33.58763864693489,21.228665435664023,0
1449,34.506032771944604,40.53160275463953,1
2489,19.560745593859444,74.119931174307,0
1272,16.840488813320043,56.25723693988053,1
1392,38.422847582053194,44.36669152178017,1
3975,28.794012713079603,46.02175064344312,0
2681,16.744913865164275,20.09475380008277,0
1354,44.84598951509301,40.98603692956651,1
2407,16.733416829891,65.25211191465513,0
1390,35.8510568657566,88.193611067145,1
2684,44.51036775790241,79.29425788887296,0
2775,22.175403126477768,21.651647525187038,0
3943,19.267481060615886,82.89924232723875,0
2882,18.641548182672867,74.82388893090382,0
2091,24.098254427027868,74.62632864996863,0
2799,18.0313743303194,52.05970313025,0
2853,35.76484025082396,47.8603705068152,0
2697,16.86875394390188,41.204101018323485,0
2124,30.28266384449369,24.598640126805606,0
1057,44.9009056155893,35.976475444558936,1
2691,39.41910808518057,37.262254448461725,0
2782,33.45658314693033,53.88539487971411,0
2443,24.18760862359835,72.32110846176857,0
2263,33.716875088749156,53.166687987856264,0
3907,30.81124391734955,24.049111461301244,0
3995,27.782501516711143,87.04528606917427,0
1479,18.921311302205986,85.99070233658786,1
2046,41.598126457214,74.9632680203886,0
3967,28.493539464639674,89.39295310949544,0
3812,20.83867535462295,58.113763296018405,0
1105,26.03278052631869,87.39378451772443,1
2656,27.42389257586781,25.292352843172555,0
2786,39.82613686700623,45.59765237829599,0
2950,37.00843141684206,35.776688760473604,0
2473,38.07914680924019,33.708315889398904,0
1278,15.330937932859417,29.856206422487325,1
2907,27.484619945392843,63.56895490961976,0
2057,29.44032454905971,74.69252990231135,0
1238,15.575768304691701,60.480887959425246,1
2637,22.79439626235103,30.28738967117468,0
2600,37.80869469366405,76.77866389534296,0
3916,19.11329117186997,64.51682950146099,0
3988,31.05930394357775,47.171599428889685,0
3990,21.456056160517125,67.18912068752441,0
2860,15.363623239316798,38.193348546998294,0
2075,22.236043727986242,44.16345459459474,0
2434,44.27621264730161,84.22400901923932,0
3984,39.046113356489684,40.33531539699943,0
2219,43.787299329631,52.89917877105556,0
2093,29.63562131779087,82.30987961772102,0
1499,18.292085960325103,69.54049451872692,1
2911,31.43878466921079,24.35422583152919,0
2431,28.631320036798826,30.311213099527926,0
1099,40.330712482188474,20.54891135403418,1
2733,17.942477423527336,64.16452531604143,0
3809,29.647234110653343,51.33713977872928,0
1099,19.50145994081953,29.399239563159288,1
2222,24.740277806701798,87.05538847397393,0
2658,37.12071232163399,57.076180676193395,0
2768,29.280543881062997,36.93253058790224,0
2515,26.276648554373082,55.04224998082953,0
3879,26.83428835710106,67.57342329145754,0
3927,28.7834030521796,25.336745258149513,0
3883,38.55049631511171,39.22926705335244,0
2689,41.76254066820703,76.48758436187956,0
2544,43.66004059511785,52.176540928186284,0
2690,38.60710158765885,58.26039994226064,0
1267,24.462206872440383,50.29712015466285,1
2416,35.64404118259627,23.07299598501036,0
3842,28.128093721661756,31.602484587410913,0
2396,22.640118661381536,51.187914711932365,0
2301,40.22614738277768,34.64298257855495,0
2498,16.15279046886975,23.498532006177513,0
3880,42.0528597640627,79.05547648362767,0
3892,28.844323938742026,88.6834770414881,0
1089,34.11604430424841,75.52000117977175,1
2114,34.780617666173484,79.76494451932669,0
2195,41.85353222119609,36.938399122193175,0
3913,34.10009046501622,87.24388828592399,0
3956,33.41800754280185,33.78479931173999,0
2728,16.999561216820698,86.60008672532825,0
1248,30.552240658356123,89.63735057761657,1
2868,19.505070024511248,69.8205964022234,0
3991,37.12301306164457,88.68006122542754,0
2098,30.366657624380235,59.86778456969726,0
2977,35.4068333762506,38.16792482232633,0
2095,16.25018701807153,50.589711996593465,0
2189,17.543760481374097,61.54926547651502,0
2779,36.48970164188047,25.115709341891048,0
2524,17.162530079960202,63.56402852320723,0
3898,17.13770183295776,88.68244857336062,0
2272,15.363254257046624,33.307535484860935,0
2595,43.695041948984404,75.48165814018682,0
1341,37.12525078377021,83.55291556457335,1
2018,25.597542255061924,86.05911149741546,0
2395,23.896067438629657,87.2094923083813,0
1402,25.491096892375488,56.502174710503034,1
2454,38.239605935435456,88.41155355940526,0
1222,34.84111833211243,73.01171449941072,1
1338,20.55586703602404,31.317000536587333,1
2143,20.22328006002253,53.3830074527579,0
2098,17.95186949140192,70.28318227604028,0
3979,34.80908159104014,37.31382210733584,0
3852,37.93117986665208,64.84306284842211,0
3856,22.95139284975012,66.66203353326335,0
2692,15.628348830927385,31.38898206659961,0
2934,17.46515002429282,59.55597187169294,0
1121,44.035801045350915,74.01388376850254,1
2214,23.863343324322607,54.92269651751593,0
2842,38.076694435144006,20.84721817432752,0
2587,33.73990706562792,20.63269283555045,0
3985,26.458189189586875,44.99205407790085,0
3806,21.170617865866653,84.83358479022473,0
2167,18.641592544782192,36.007374572252616,0
2945,33.450389041166,64.40545822101811,0
1193,38.23901341913364,35.54531094853244,1
2164,34.317127606233925,42.5168992761684,0
2647,30.90906399747475,79.36294627210387,0
2832,16.258536702949087,71.02030095889629,0
1144,44.05466332783151,26.677949411924743,1
1216,38.961425749637236,50.00914146905035,1
2803,23.78466110102894,22.041883455168513,0
2414,44.39910988076552,53.66231026221063,0
2875,33.056447689089666,66.37038081907477,0
2090,32.472679746217395,28.29518365187061,0
2530,37.44219538288596,40.221945723641596,0
2450,39.353093642704124,47.848563785150986,0
2753,34.69435821994508,84.36717172592348,0
2057,18.842872390986003,89.52785107960749,0
3999,25.148025179834953,23.14379092969311,0
2360,42.8425092097815,73.27055464467745,0
3930,21.738468355315558,46.02068464816402,0
2189,26.165010715125398,47.472073036063605,0
2507,27.96230648832588,72.7985481342916,0
2823,28.182149690833565,84.2898502501786,0
2116,33.38818747483576,86.56500161517839,0
1043,43.29227513234123,60.39858102268246,1
1172,22.22078135497515,44.99848115103519,1
2148,18.645041289027542,75.12843601011454,0
2212,20.924114695798117,37.57009682836102,0
1228,41.60774700627809,59.485182018346244,1
2658,34.37432437965618,45.10049230674112,0
1401,23.577203677174804,65.96417515955133,1
2304,39.47840816905852,36.82792390254548,0
3958,40.84109989090308,33.4115062014378,0
1053,40.395430160708344,84.2767360672806,1
2655,42.56779600918664,27.126257806467585,0
3811,22.567230605200848,55.41705354144521,0
1271,37.65125786238835,35.45969480741063,1
1459,28.816184918224202,22.725097432796723,1
2372,40.25995658670185,22.52131728039985,0
2347,36.85472031484839,32.265524047407915,0
3935,38.293423394991734,80.67392481542001,0
2177,34.68485513043214,39.77351207839187,0
2868,20.322863084091207,86.5321419402707,0
1191,31.35080756690815,60.71356050924355,1
2958,44.54009218573525,50.562993283813626,0
2928,43.12164199491357,60.60621842686182,0
2460,16.29521207391035,56.168886965838745,0
3956,19.944444471883113,73.11433776301277,0
2546,18.951863203636858,39.774724618099654,0
1081,36.779397299558866,44.713527412021165,1
2708,39.53355989570835,82.58660117732755,0
3993,21.40534098932016,86.25195592052839,0
2797,30.175580788554868,82.4790759240532,0
1364,40.221090840336004,49.36135957701195,1
2800,36.98404634298752,74.62558521048172,0
3945,31.26711616475545,53.343501331076915,0
1176,32.71043071376319,54.82778965022715,1
2281,30.2508164074884,34.32760763400988,0
2853,23.92645353956462,61.37912122809615,0
1176,31.950659785770483,33.029512842734356,1
1097,35.666559061502724,43.20952893470356,1
2510,41.199687475824234,79.85211411339546,0
2822,34.08874061937745,34.495306644759864,0
1464,37.83364611129474,24.981079962140296,1
2644,19.80214904863719,24.830531482897143,0
1436,28.846724232593697,85.85491643521755,1
2564,15.279948594812799,55.484430657328424,0
1457,22.40036593564869,48.65884502719128,1
2084,36.79385145339015,76.76150067055428,0
2877,44.7542985404809,78.50781495373613,0
2684,17.97534298761648,43.25337231809232,0
3989,27.044829475838647,68.55326402316567,0
1487,39.00212906097478,73.97859710963206,1
3891,21.121069038866963,65.82554808061681,0
2550,31.65254847906859,30.611655236006957,0
3961,36.992138880890245,81.311815846194,0
2770,33.479563507805366,57.73661869152061,0
2267,20.640742038462484,39.77306984590026,0
1235,25.661537060572183,49.76597298063857,1
2733,38.513753534561914,22.629976327923515,0
3944,31.6267954239605,28.950676085569228,0
2302,15.156888406287383,73.58827253611025,0
2228,37.829722800842816,20.00081443287563,0
3865,16.059340648207172,49.15960799376045,0
1102,37.37201348193696,56.57571267599119,1
2763,21.074416804957124,23.82440940006806,0
1305,43.74220440358141,88.1154714080633,1
2797,26.038222539062534,35.82877318747703,0
2434,24.807948490142373,41.293910374539664,0
1307,19.46664150997334,41.27597585785192,1
2480,24.168126464706447,36.1291663482145,0
3829,41.29952285484602,20.1031675460418,0
3850,44.890030128817415,71.05413558615975,0
3828,26.049285915205452,87.67918498594997,0
2183,28.458318928636277,35.700543829953155,0
1272,36.66212814608211,66.41330342623957,1
2983,41.585873413952235,71.93274288711007,0
2773,32.79133002560353,79.38977653633674,0
2204,26.745770945334883,49.584043790952634,0
2042,27.37865522545871,41.205163394830045,0
2882,35.868544394904205,42.77065938161218,0
2662,15.096547908128361,69.88349331689591,0
2094,33.587680123795224,77.17456265539452,0
2911,25.664790313240722,32.71297774296219,0
3903,38.82591993831252,45.96587057104357,0
3824,17.789719194693966,83.1358137724405,0
1194,32.646068008451714,76.46854637863174,1
2671,29.429186696583713,88.94008819337331,0
2633,34.26976577715682,72.79737817774566,0
2788,16.94560783448905,47.523664071954556,0
2603,32.39951362284394,61.344648379624644,0
2533,31.844537638785713,66.27099779731242,0
2512,31.819802832485127,25.491907142198677,0
2523,33.104629997893646,58.114787137270554,0
2545,35.294038116790865,69.65245799308266,0
2729,39.14966999042309,31.712491280074225,0
3872,23.09462160384643,74.64422021978899,0
2046,39.751482305401865,60.86409463598781,0
3855,29.94767046790361,86.65552499883162,0
1318,17.311748374029936,22.96956087448242,1
2336,16.756527877319375,38.57282962888269,0
2256,25.027149560881824,62.10877155098768,0
2866,38.54690931334403,40.759193854415145,0
2718,36.23042804222747,70.00969148498694,0
2055,38.65844894017219,73.13036977653516,0
2473,30.51807169324828,27.17611748465321,0
3877,28.205969938664715,55.96981249447374,0
2364,19.42357580118852,55.622338891373914,0
2698,24.845782608279347,45.84965391508787,0
2006,28.020580985216256,85.30474037987705,0
3950,17.658012890388516,77.92544239112549,0
2750,21.618358581336338,68.80465673367458,0
2273,32.94675882191217,70.00286450144984,0
2738,37.0698934271757,52.32013006691834,0
2191,44.95042534178849,84.46961647676031,0
2484,42.99339994030673,68.62167990772997,0
2038,34.27695598605575,71.02867431590715,0
2230,27.63744159882216,80.31836326511416,0
2125,34.08532094124698,39.18501125395337,0
2144,38.56954854240696,76.49496327066922,0
2024,18.55008572770162,33.66684220695444,0
3866,27.297146690888646,44.17393665714215,0
3945,40.19406856906852,43.49273179888899,0
2110,26.51498855799132,88.49678278723984,0
3910,32.156168136815594,79.95760566235488,0
3912,32.633080825865946,69.08189031131818,0
2553,20.53428759400918,70.89397331307731,0
2517,25.867063249568652,59.345095608179975,0
1319,25.035338662257963,86.29634669759633,1
2951,15.785901255961944,54.73811270176531,0
2965,15.725752916740657,46.636239690892616,0
3832,39.9509113102732,31.41247358521137,0
2276,23.19212429918437,75.03439565827406,0
2502,30.542362987164463,71.4110752452914,0
2349,23.961767207663193,46.904852696689446,0
2829,43.220377353460215,21.763538977146055,0
1151,22.778902765973214,78.72981294026076,1
1246,27.889704382168052,20.799258841785154,1
2542,41.181907514538054,69.25898457403358,0
2547,40.25800700375426,87.91799768082399,0
1005,20.58304253538832,50.63629297037424,1
2731,39.079299293871316,36.44813834971669,0
1334,28.74560660213678,69.34097070303672,1
1368,29.489066162560654,77.19896994109095,1
2997,19.004399172478315,58.25012212544931,0
3984,17.418045412713738,87.69246926793024,0
3935,36.83817920921295,23.616810516057278,0
2172,29.893834570658992,55.33569188131697,0
3869,28.105521078455386,70.2917763125785,0
1323,36.8852468595719,80.38483298044252,1
2224,37.96538696973329,32.547892833545305,0
3939,19.76724503008061,76.0002437234577,0
2089,33.30675448432924,58.68949530029817,0
3837,19.060622468330564,47.75875773929742,0
2138,37.54125258087137,29.220052000536548,0
1332,34.708654688014185,80.57070312362387,1
2672,43.69843863250374,31.009124572580074,0
2009,17.068740490692637,41.68515014463695,0
2649,16.711641634537628,40.30318723737058,0
1012,23.465612240796005,80.9989823933598,1
3883,22.85117051207718,67.08920959462286,0
2612,22.409363972159994,75.76769780339606,0
2776,42.1876374156311,37.53275291547493,0
2919,22.486385995485183,63.74118697248992,0
3962,23.158491783858928,60.022218820062406,0
2816,37.78194787253891,78.29812637517898,0
1443,28.492195273516202,83.42609423368825,1
1333,38.301316708655435,20.850974003417075,1
1458,16.960984726931557,67.18139433411548,1
1075,29.62713581020153,23.628505938381032,1
2512,16.008408005498477,58.42010655541492,0
3949,16.879596103660635,40.13429103305747,0
2348,42.19312360033233,41.474361966549885,0
2872,19.177361133527853,44.70709524166496,0
3859,30.972620468256515,63.490471433472706,0
2724,27.332868078021196,43.38349759681385,0
2850,25.42029978776528,71.28893354131964,0
3953,41.99500037061817,48.31691699017088,0
1088,15.654701903264685,24.7847240216971,1
1088,34.91369058526767,74.8631889738875,1
3871,43.901833026406514,40.00308272148942,0
2525,31.805045503855258,50.29368157194838,0
1124,43.104673860992754,67.9810718255331,1
2022,16.56773637858071,43.271931000409836,0
2992,27.56379957222484,23.960995930270094,0
2224,22.804733728861535,46.174473290896955,0
2961,36.924628949421894,86.11140078860124,0
2615,44.4389127149174,64.92140781089907,0
2038,22.695901873327436,67.00354040670449,0
2645,34.62523804422223,64.25975075463478,0
2178,20.942928982792203,33.92944972716057,0
2447,31.959907637148298,49.28337048715961,0
2622,28.917974600650084,72.56578588543228,0
3954,44.16015988894611,27.09610282872114,0
3837,33.255818180893996,39.449694326279854,0
3954,25.485191162604565,39.34233759260975,0
3995,18.422873546638,50.241324931615424,0
2521,19.537404862048035,88.62581186595295,0
2841,21.759507898537052,24.725178267867534,0
2805,22.52899984020894,56.30906960664165,0
2814,40.51848173523413,32.55552774085473,0
1215,31.83668364847575,87.9473581786821,1
3814,30.701727341230992,27.931245330922494,0
3804,18.443066156076526,48.25207016531139,0
2323,40.80419080048305,71.65194893842244,0
3929,36.68442909625451,69.31880996192118,0
2626,17.03005085700005,49.59100458257526,0
3835,36.23505291689306,44.25669175669027,0
3826,31.30614652027938,47.83286649870094,0
2010,17.45176037240335,38.49933842110475,0
1359,28.749019245859692,34.373305709475986,1
2711,29.54088861390141,53.8127788291223,0
2345,19.97323620489827,38.79736292473251,0
1395,43.37094441000847,40.12231654280751,1
1103,40.49926114441986,65.972924443219,1
2984,35.07067011987325,87.79761321899245,0
2615,28.868866830018217,62.254604039156256,0
1459,27.352966247535257,25.388562694547637,1
2323,34.529204014528624,25.290852969784687,0
3836,31.362956082207162,86.59962545918961,0
3905,16.86819317645657,40.810355321513356,0
3830,30.37507946310995,26.44468902577328,0
3850,39.192108516985186,61.93312110052671,0
3839,28.77719632790874,63.655414480318626,0
1266,16.558697326628053,65.39533740830817,1
2813,38.588345981520995,38.71814195002789,0
2345,21.04091346407923,21.057747895013254,0
1181,22.758625046641164,87.55107586181303,1
1000,19.941190602968877,37.562513198377175,1
1054,24.906451946144927,67.32184016367833,1
2910,37.70254517065905,69.46409089150967,0
2968,30.58157578511812,62.700519195564,0
3979,21.146438224521376,41.903517594955375,0
3953,41.33490234456123,38.97673776348461,0
2574,41.387455648545874,61.836779789189215,0
2601,41.11735275138021,80.6266943528184,0
1385,22.16388634144618,86.27136102463768,1
2474,28.537180325429645,27.413406308263035,0
3816,44.54968968422625,30.83800288184039,0
2954,38.16037428929971,86.13153811481557,0
2178,15.815022636766795,71.55746598343548,0
2024,16.95613773781476,81.80956773808411,0
2709,28.917941304369982,34.18428438947402,0
2160,42.27660617584681,61.13101097765813,0
2062,31.161053938581425,69.07977160922316,0
2665,29.934375241028707,67.60783198128809,0
2468,18.164210998698916,48.57061836066887,0
2848,34.70340314172882,21.077642418391594,0
1176,39.66309481800677,60.80482397629842,1
2341,26.412600225226868,37.71710774257261,0
2700,38.26835552775982,51.51779723000232,0
2326,43.93429961702435,87.03067105586722,0
2140,21.112993773830674,47.93247223497043,0
2434,30.69988893584224,78.78611246650988,0
2722,23.614138742537264,33.19784240244758,0
2669,38.785632571015185,67.07223486175201,0
2428,32.32780097643473,88.39048681072605,0
2143,34.03747252650911,27.132517061105574,0
2017,38.93742478847682,20.58239595590344,0
2370,26.879114179873646,50.350795484283005,0
2193,42.45270205221129,26.483783813595704,0
2112,30.9908660173842,72.3869044773362,0
2677,19.73864468506044,84.01840646939912,0
3931,35.876973545064075,50.38146808961312,0
2924,38.797840513147634,38.10981495088087,0
2642,24.5028503120258,50.40823233046268,0
2457,40.71537770996259,70.64134724950007,0
1161,42.18429764297299,20.63379131062597,1
2086,23.307134621334267,61.2617792639288,0
1287,44.50564418145666,62.930417942116534,1
3892,19.221345841462753,64.63817728271549,0
2312,21.0604700520747,36.941545598661406,0
2983,20.526745177140782,69.98369063646888,0
2766,41.819691300236116,26.39740404322435,0
2053,34.62877656974885,33.94892355267606,0
2228,19.563128496668185,81.42290326581374,0
2608,28.20970255105047,71.71062055085964,0
2263,33.458940752094065,20.96218878079417,0
2095,17.503922549681498,37.386338225886014,0
1287,41.472491052220164,35.00845380952152,1
1490,39.108106063246055,38.956442962588085,1
1499,30.156203207299146,37.32918391959205,1
3941,44.01379845777511,24.3768407019992,0
2943,27.53282937825299,52.12583616177742,0
2329,44.523309571094934,71.29134323503156,0
2150,35.03759996410881,62.47122073022055,0
1111,34.04013819761825,67.10101680186558,1
2547,19.97864685887355,25.680442497536742,0
3881,41.45783274913932,86.60434971237511,0
1302,27.824690637618453,78.69442836901175,1
3810,19.867002173474383,76.35632229469638,0
2385,15.37822559927277,77.60886635292373,0
2118,31.792670509151478,85.2897355692933,0
2260,30.82198866368029,58.09777762795884,0
2255,36.580608671074756,34.019741250733816,0
2225,41.70774159053406,63.17485254967788,0
1354,17.382197539290885,72.00170455675573,1
1341,36.944894710210875,71.65421753478178,1
3880,20.622358322927468,56.50143169168161,0
1119,40.74531159471492,24.792110353350463,1
1214,39.571905415849685,45.97790569010895,1
3913,31.22381264956633,84.45366259243501,0
2525,36.307283958699344,60.91142368301982,0
3993,24.430503395512453,57.68323602789994,0
3902,29.13503696798444,38.81974600675355,0
2277,39.64910693131415,45.79142439416052,0
1003,28.777955915196415,82.67422624072185,1
2028,25.733947959763256,66.6524133268785,0
2726,29.826373417508997,75.11709187266331,0
3869,39.84747757311655,51.80417961473586,0
1340,25.05624142112618,64.11730536193105,1
1040,20.212847794072314,37.386852612024526,1
2016,36.36042060992342,69.38225811984404,0
2997,39.779346381242455,49.93209335923361,0
1086,18.019124355706,50.97818603703219,1
2341,22.19622338267834,65.4525627203817,0
2824,19.25915969282982,85.53964350282486,0
2730,25.438242347465,24.480444262603463,0
2267,28.510529367162377,77.73202661429053,0
3852,37.464790108899194,40.46681772885351,0
2684,34.534427546450225,51.07436181544645,0
1468,33.627857024352934,21.53393301425063,1
2633,25.571248398289633,41.073225448401914,0
2129,40.2434265925428,55.18418698410913,0
2362,29.138615021944936,23.93232541432073,0
2692,44.37314814045463,54.37670105682156,0
3825,34.024264148872106,84.89774402008992,0
2778,18.78794224693508,27.377525267546368,0
2511,35.28532686226302,73.5108509652853,0
1186,24.753120462950967,48.67697373631948,1
2226,35.58981590058292,65.86216001670365,0
1054,17.089234444872172,38.21656185896606,1
3949,20.24644311527878,31.16445837789508,0
3832,40.67211776717359,31.232382998985848,0
2750,21.815386710705447,24.934436195020126,0
2738,40.111233757288204,32.99526934308701,0
1336,23.37828265363231,66.49535694922778,1
2364,34.28645730176123,81.71834282904555,0
2200,35.82451720529493,76.98879799138132,0
3872,30.379642594351587,67.95940169121388,0
2016,24.15932030090194,27.730230438777188,0
2060,21.379331291132885,40.24312124071649,0
3841,15.995680636872788,41.68648127257283,0
2802,24.118392037221714,37.49698624783349,0
1228,34.594883715938494,56.05039617968062,1
2434,43.14914455345448,57.48876704157708,0
2865,41.136134467891566,44.982018261977714,0
2612,37.98194329605908,44.76524111155052,0
2816,38.653420297598956,77.9988918534257,0
2329,34.94954710427986,75.250499382378,0
3846,22.80860572698009,41.54570821765219,0
2591,42.21585092117489,83.96519107112815,0
1263,35.12196935717502,86.69705119017543,1
3880,31.8132189294132,42.87197794210286,0
3917,18.329684076404433,44.80974641551384,0
3999,28.411666314192765,55.394390739537116,0
2088,28.81074813605779,85.87845687735715,0
3858,40.936908285680104,81.34236031996181,0
1364,31.399446605633653,27.179757380851285,1
3831,26.412016469112288,47.49115202899914,0
3998,44.30400985531978,58.73598328248403,0
1281,18.321617799789472,55.2192730786078,1
2249,27.676452849358338,33.57041475558249,0
2334,16.26074025514216,80.11717398177083,0
3936,37.19712362300791,67.3858548097786,0
2839,42.54229656597452,78.65358623962625,0
1214,23.401119886514685,80.11349955446306,1
3915,40.75025030397363,72.38490975660179,0
1401,23.766546913856935,50.74474208748021,1
2614,42.32310484931746,62.73827285107972,0
2158,37.61885710790352,31.225578428382022,0
2619,39.14720330524316,67.15517922324354,0
2097,15.540196668013635,32.54772790174965,0
1170,43.88431071222078,68.57647133571098,1
2182,36.8001297621097,36.07187125277781,0
2038,24.142532861584,28.228591010515398,0
2496,39.88183994576541,31.56991431000702,0
2981,23.445635952447898,20.13944946533492,0
2721,41.18261518698384,70.31177324974712,0
2492,18.37741171235811,71.26807343408655,0
3925,36.11057932382387,56.04533449392816,0
2738,31.22095429934731,31.29539607387686,0
1413,17.896034105863222,25.848803625748282,1
2780,22.25681484776517,21.33902765061009,0
2415,15.372121088319444,31.60237238756545,0
1378,29.063038963935174,82.35988744882027,1
1499,24.03795782280001,36.907578919117725,1
2476,32.95072452893277,44.7989929052051,0
2747,23.917134231258515,27.374183913693322,0
3983,23.99757334520954,35.56529133237192,0
2376,37.2957959619481,56.34571995461436,0
3952,16.444285079350603,62.542687816695675,0
2339,42.08684985575962,37.17466199163478,0
3976,40.567916231735445,24.041251145758203,0
2141,35.03414049679219,47.37230083891791,0
2323,32.79664710322153,36.39423596484339,0
3836,41.76907494418957,35.368774626086136,0
2704,20.559905385861434,87.19039618994186,0
1462,17.36907486572486,63.14103401480068,1
2816,22.185305097286143,58.98149102204671,0
2963,38.83734836100571,49.104257246632535,0
2804,16.0401080017945,50.0261033401101,0
3970,32.48420505250469,57.863350268665656,0
2806,44.8631254857393,68.75008649252752,0
1301,40.670882815126184,69.15022673272806,1
3861,30.643370671307686,32.01857353938147,0
3952,16.90922727859927,55.00789264536389,0
3803,39.94120543157129,48.837066652387136,0
2659,32.969355245316315,80.93688763885689,0
1309,18.447989911787005,64.19932448528635,1
3909,17.815718544700687,57.275284649118724,0
2225,42.28880458309777,28.077624952524218,0
2936,35.07600788814236,62.3946522526388,0
2258,39.87860397950267,28.20427339761634,0
1004,41.36936700846802,43.60446028960264,1
2046,32.15317056144967,29.99893753700323,0
2520,30.523390552651236,68.44515529170582,0
1377,27.912822309629703,34.43764796853068,1
2890,24.50839763373358,47.43015612316182,0
2689,28.037878825761354,82.6972344333145,0
2144,38.21638967190469,34.30214683792792,0
2159,33.05770293045394,55.54635447711454,0
2780,41.775698698645385,49.349016281621545,0
2088,28.301400431375633,21.26868287320108,0
2909,33.21268736156262,75.4930679500969,0
1266,33.93922659275966,24.83321344202198,1
1322,32.75091486918977,53.19785146838675,1
2540,36.07901319256549,59.2474806457265,0
1408,22.123004051244187,63.989851963021096,1
1169,30.370913326373717,68.20421405155129,1
1039,18.12674408425043,37.72906684659006,1
1394,26.535339829344377,20.698514366091455,1
2983,29.63001205863793,70.64105636484385,0
2037,34.566727786364176,57.495961954330504,0
2900,43.5159315775861,78.52823922450742,0
2913,33.01953199645068,77.4971854030486,0
2315,37.307817485296795,79.03283174515182,0
2795,30.187981784856085,53.95662619856781,0
2592,34.02312094128994,43.3539877085806,0
2300,17.127966484013204,75.40907418139591,0
2348,22.63174742525541,51.590587912047845,0
1322,25.855592796154163,32.840953748240416,1
2865,29.174800650195408,79.8481813693032,0
2972,16.369462365071513,81.77919137406431,0
2261,19.200722926599532,52.64168292981191,0
2335,23.30442923373917,25.29898091168512,0
3896,44.14598072703152,47.14782629418519,0
2815,24.940410213091525,76.24763616238224,0
3906,29.461231743362475,83.124181998236,0
2692,20.88293138215179,34.24309197483171,0
3990,33.323402132273046,24.688152841769007,0
3987,23.42049646547923,81.41453171929871,0
2746,21.209777353152802,47.25834572852127,0
1248,30.497178853379374,57.92326749872943,1
2534,15.165173974812625,87.76460684355312,0
2671,15.22992097947676,24.6595309539956,0
2669,21.572064273055734,65.38226052164669,0
1081,16.101640875024636,25.187379580240695,1
1205,18.24077262392074,46.28282499265502,1
3811,25.165819480162547,76.26701816354128,0
2223,39.07757038739439,50.34305629289441,0
2666,32.16145930107902,89.80276477320653,0
1016,30.38003177869249,59.134149946262156,1
2865,23.80466469624365,42.48135068451674,0
3887,42.95261158298449,35.40779281333272,0
1495,26.91045123711575,44.53643740003133,1
2413,17.612783003873144,46.07732916316856,0
2232,33.51199548353404,24.809957440677266,0
1318,18.41515180429804,45.87019395987412,1
2334,25.35669428405076,52.49669638174574,0
1476,30.222358161534267,70.59164265671632,1
3947,41.22667574055527,65.97106393051256,0
3867,29.80639741020356,69.6135958660408,0
2016,36.06776298094993,20.585457731379996,0
3944,44.78450516997211,35.23671797063752,0
2704,18.94467359693945,66.31790018798995,0
2119,23.241945765585584,53.8792557725823,0
2305,26.837282267929393,20.371943296784217,0
1174,27.65484535616494,76.31462497022756,1
1163,27.33063225796637,74.09667013032362,1
3979,42.22833007669665,58.38934140954939,0
3806,36.42097933400569,24.65243280433905,0
2032,33.237156422721114,73.65605346728093,0
2078,24.281181535883462,60.859951141195474,0
1458,39.71371152663884,74.73719840105714,1
3825,43.65181534454967,72.62228946770884,0
2737,39.6359484765068,76.21014503704859,0
1464,15.046953155744188,56.26056464832374,1
2488,34.09204110550221,29.82271627354605,0
2886,16.53406144326302,66.98102313657822,0
1074,22.728216610011657,63.43316495363794,1
2129,16.78574101043315,71.9577231039361,0
3883,33.113863588481635,31.89167042355147,0
3826,35.5976974047782,33.648263993020244,0
1381,18.434629141977155,82.32866620535299,1
2603,26.515166491349383,72.49844589164496,0
3846,28.687095268666262,83.57599420902261,0
2954,26.071590652827496,73.11007248147445,0
1146,18.63075001455579,61.80087141932113,1
2386,27.568433705624262,65.78929159195116,0
2569,37.535341434252544,82.2389546758007,0
1014,17.130229935997665,60.51647281583584,1
3962,17.405400422457102,64.26739270298711,0
2792,25.643138755079526,30.95337012025204,0
3817,43.25177134856775,53.17448540812719,0
1207,35.05717940168742,70.14779783706692,1
2059,35.36009870017695,38.96598888214558,0
2656,25.857599725135948,34.157792636717446,0
2519,32.80982373625615,41.967876575709084,0
3973,15.303935520832301,36.90504395949834,0
2198,34.08288139228627,35.04388459254771,0
3991,42.3986084272871,49.739559000766086,0
2535,33.377204050344574,83.5486959718474,0
1386,41.210957803990354,55.49417527171028,1
2526,36.71919166398281,33.15442665707261,0
2205,18.616752492110706,25.388016856661185,0
2893,42.073599218575254,68.73093015965478,0
3808,16.993315330673248,46.79591351054715,0
2955,31.019024176432914,77.52816626097515,0
2500,19.26411371380373,66.16575380485392,0
2343,15.351198321927122,75.73690153789579,0
2063,27.66102780382917,39.03622275929141,0
2071,23.851221229624688,68.46512457227408,0
2989,29.58001481392809,38.48433892856032,0
2365,32.31599660203652,85.7347935615204,0
1165,16.312172169268422,64.5461997073362,1
2300,18.69009885371237,42.71582601227395,0
3901,31.75927189351276,38.865830360459086,0
1266,25.295020595179746,33.36486095501505,1
2087,36.87520462648344,68.62486712256094,0
2587,34.56874945775819,35.31009290985491,0
1159,40.368130889697206,61.67122861492423,1
2309,35.77478480007676,38.52445188477502,0
3947,27.897932321704445,66.3378261355708,0
2935,35.18899867183298,77.04578099783774,0
2864,23.261435227662556,74.46176702012572,0
2800,24.18940496334638,73.25959316515471,0
1413,38.6695547976238,33.140568398457646,1
2115,28.392585492047466,26.18694628891631,0
2102,38.951410215550574,68.92641799411699,0
2870,39.67267121004835,45.78430496560459,0
2121,40.72687012983852,50.26423584823431,0
1481,42.49905707523622,22.180436495537375,1
2427,27.929556615398887,38.170351449253445,0
2970,24.566004549634165,22.35734827121248,0
2634,32.46596239782342,81.54300408208734,0
2773,26.135172703128827,37.03776782529714,0
3959,33.03222500400699,59.01360187011056,0
2715,36.16757587931474,22.728552446279128,0
1177,35.652150554764106,66.67931739139607,1
3883,26.23658661060364,42.61191420278657,0
2250,20.005806050962583,82.8543430870366,0
2458,27.915880153866226,82.1682732253825,0
1387,19.277824322457263,42.77034328532234,1
2021,41.70291105551425,83.06726269833275,0
2514,25.376323822135724,89.73103714491452,0
2699,19.633792416699713,77.77909648867637,0
3811,15.763432797172527,79.14099434286604,0
2908,34.37467158859452,37.430611527636295,0
2242,34.107069523642295,60.36916792004294,0
2566,25.21812499743875,24.707913977715748,0
2684,17.15135666542953,26.64425557751688,0
2630,27.288866846856962,89.92248284233034,0
2287,24.336524851901807,42.86474745981377,0
2593,35.31361919205028,72.37287384341926,0
2722,33.17337748358071,76.46655371187715,0
2351,25.9378118459262,80.06162897050604,0
2058,21.5367766276497,89.83398081815096,0
3834,44.64107898466776,36.90475396798075,0
2949,28.620048635883446,22.82455788017898,0
2352,35.648227073407114,48.78340625962102,0
1304,19.21658902735082,29.105646888026286,1
1158,29.567690989781934,21.569812241343858,1
2023,15.826101596083964,45.229877899904025,0
2515,30.1636535373135,74.86167757526655,0
3925,43.92052221353107,59.63264838575496,0
1151,26.526201389574005,41.894459244724786,1
2946,16.16988037724735,65.80394038449037,0
2419,15.928673727580305,36.24127262161675,0
2865,26.639602798406084,21.00670122504595,0
2577,19.80074809389582,73.50473705054992,0
2931,15.700562889845578,63.662015940480636,0
2937,37.68640841850531,73.3611837150672,0
1185,28.75569026645672,22.725661168136593,1
1267,23.677343159179635,78.59837394814565,1
2529,42.002495490494425,63.36683400254123,0
3942,18.484168806015767,59.43767454988481,0
2793,43.67756486865957,63.72298336801721,0
3886,24.419001521320585,80.51032728078549,0
3813,41.65211016926044,61.08555545912349,0
1374,33.08828629438385,60.66652659217255,1
2933,39.80122079224462,89.3475409946036,0
2317,44.52039489631393,72.97111169479976,0
2380,23.65216313456237,50.96056638157947,0
2503,43.83406456222779,69.51779000230493,0
2083,26.68445684707261,47.2461330184252,0
2837,26.565357142107672,36.021282373844926,0
3888,25.21161312763517,61.77963138214316,0
1065,31.242228220427556,84.9727468679766,1
1260,19.624351295354614,85.03976640108239,1
2423,31.611344560740335,43.933369467384324,0
2675,31.25114437230012,56.93742263551865,0
1302,37.8570543781461,34.81451289989028,1
2009,40.00949885812757,89.69417766492184,0
2269,28.21324050937272,88.6782535507555,0
2604,24.069997480544814,65.46562507952132,0
2861,22.780046919512834,76.30898417742313,0
2132,20.838715101146157,70.05701128985899,0
2682,16.729427465970748,61.52107533276278,0
1312,25.273439365041398,23.73435978922284,1
2979,23.107430763923496,51.833503978686274,0
2106,43.99252157599222,67.23504115171875,0
3964,31.731264787501317,67.42721297185793,0
3919,25.418311170915224,46.11858328956685,0
1155,32.41402802981088,85.91843906606213,1
1389,19.175901040370867,31.714992256574668,1
2956,28.321312476066087,55.02516123508924,0
2333,33.787029642631914,68.36187835855759,0
2510,29.66693495377354,68.79950641242664,0
2281,27.053364019629726,65.40472697381709,0
2118,44.815451666990946,39.270174941630216,0
2484,41.409442864467806,30.934459808063536,0
1324,33.702178744783204,64.51582287786977,1
2690,32.08132083546848,61.95114812976064,0
2489,33.61981439473752,32.55492072024687,0
2241,21.039363234672997,69.35974018993943,0
1298,26.85413229792956,51.862039421355945,1
2216,16.18378598672698,66.7432414122207,0
3984,29.2663811246048,78.61569558391055,0
2183,31.290737518729895,31.88099000038462,0
2177,21.832492083096287,21.340140759778567,0
2293,43.92086541496541,74.53718104770508,0
2383,42.28363832811726,62.67881976068311,0
2307,36.664297063677175,68.97476987354852,0
3923,31.001598862960876,78.67084824920498,0
3884,41.099074789430546,76.19676543771504,0
2775,18.919570314703886,87.26441028501773,0
2357,38.71529382824655,57.51545551964828,0
1085,18.744624419005447,54.194694286193375,1
2192,38.82631987648216,48.132103992351105,0
1217,23.273027047540708,30.75837299909432,1
2413,41.31271743054567,60.08250630174157,0
2144,43.32126281476194,39.39087670281852,0
1302,19.46387908215347,84.49152585490829,1
2587,28.880268151961808,60.82335629939683,0
2344,44.42962134488055,61.49881263556771,0
3832,29.502223079194398,44.844726261390704,0
3830,40.90642567543635,23.639254638439525,0
3852,32.66194566393959,22.222063576109203,0
3904,26.259897237588056,49.63346009072383,0
2219,23.573506665776108,25.91957646680665,0
2703,21.096692732582618,62.479286887809735,0
2584,37.85394574133092,81.66811039477602,0
1088,26.596215204690836,81.80403715631056,1
1072,30.338263866022537,66.13317870925627,1
2158,29.769764400035456,34.78622820310517,0
3867,32.31837087699394,80.40977819512105,0
3901,40.96731436873657,82.02654047192456,0
2613,44.422180307502884,33.76575094670711,0
2481,27.227526257214507,71.61982600394741,0
3822,39.82556766318909,40.05636842489861,0
2330,37.93583383964153,76.18482186470507,0
2821,32.205868543667194,89.80665299325219,0
3942,43.68141430835799,22.101820373057496,0
3998,21.01423546585208,82.81561060536524,0
2914,18.27792630928864,63.584137351906065,0
2472,40.61885900866267,88.13678334153748,0
2735,28.174494499012447,52.550666226849934,0
2939,40.40906562621181,79.31715513999616,0
2266,41.79270615586245,24.367584801879406,0
3909,16.87372780857214,43.4695335054807,0
3993,41.50394288958182,24.6911576425847,0
2002,28.449571661082665,88.27401934353493,0
2327,30.312974670126966,77.18817350902857,0
2453,33.797775332796306,79.67831948721793,0
1220,42.791478201902606,85.6575662003726,1
2011,15.573482832892921,25.957244028384974,0
2303,29.305304049534513,46.99183147593334,0
2299,35.631661272916816,24.972442233080148,0
2042,36.68120873094685,34.755517108502005,0
3869,35.77597294611324,36.055604392637065,0
3907,19.033053882243657,52.83750477333051,0
1492,23.981867651150438,38.79935172175498,1
1106,25.761465762510404,27.068467477243274,1
2814,39.13311623038515,31.72437623658754,0
2398,23.36279617243659,30.309289448646364,0
2714,21.321148916016096,88.11537585386088,0
2323,43.72344057114289,73.15047548429315,0
1469,15.265898553404067,87.74330256886934,1
2333,44.93462567045935,50.7818340555536,0
2372,35.304638965721864,39.48579371638596,0
2538,39.854078983473514,75.88052380464308,0
1155,23.838581890385797,42.837774262880274,1
2143,15.4294583300118,40.956836159374376,0
2669,37.1360855568459,36.275419454548185,0
3976,40.02433791002027,29.077528475696475,0
1089,37.21428395860558,37.952414271173616,1
2458,19.28550861902516,44.87238239317214,0
2107,37.60283766770907,67.17959457020113,0
2908,38.06768346322923,24.37953895536161,0
2958,34.75621547010165,34.73548577657401,0
