Moisture,Temperature,Humidity,Irrigation_Needed
3892,30.735341687107642,78.35552400705727,1
3892,27.311904809689846,77.40182617842368,1
1102,44.47135850725819,48.280748345882444,0
1102,18.36116706504157,34.85515698307513,0
3892,26.935667971372247,54.178810725909685,1
2435,44.08411299826106,40.41147089919052,1
3892,40.96521377681941,71.69706533414771,1
3892,39.512162128478394,50.76598359226713,1
3892,22.737084811348197,88.53661205159489,1
3892,20.126627621701974,68.45832464071992,1
1102,35.05929659773293,79.34883381806165,0
3892,42.88127967382758,37.95148036451091,1
2435,31.702886790417892,81.72086893635736,1
1102,32.14838068409699,85.36543143080365,0
2435,23.399372809808526,59.22371512913615,1
2435,38.084787995758106,66.37517626505866,1
2435,20.6113124567257,75.88858805417973,1
2435,24.71037709212731,40.49031763562475,1
1102,27.763093158492502,60.15396458780654,0
1102,30.228311360533652,53.919781666338785,0
2435,22.272291972452408,38.782439529734944,1
2435,18.445104742176106,52.05206533749188,1
1102,33.31860127324897,34.09033856312961,0
1102,23.65891659720767,31.54871441696922,0
1102,32.43714664267837,38.109977349289366,0
3892,19.63088145822607,87.78690669535044,1
3892,29.434203055644524,62.97177215370102,1
3892,30.977682976547577,87.94932966919319,1
2435,16.554706104672807,55.94987269980792,1
3892,25.098128345817617,48.70896798511558,1
2435,19.032440308169228,60.36851177041464,1
2435,16.90124911418303,56.37070131797461,1
3892,44.69880697169836,36.33988105570464,1
2435,24.67061534924169,68.44957888141238,1
3892,39.29623337563905,42.96229095057598,1
3892,22.639219642912916,67.17527729386978,1
1102,35.44508166671788,69.01206554388921,0
3892,37.80683579669059,39.12149118771889,1
1102,32.86916221823533,33.680977626640086,0
3892,29.14728565650475,76.84569516410639,1
3892,27.355227424418054,57.588025426159206,1
1102,25.46604799628986,33.48982773032855,0
1102,42.88587432743478,89.69197903018602,0
3892,39.918582233631874,33.466833659782,1
2435,43.95080731999538,71.7021137315132,1
1102,18.72891670456634,89.02073551580482,0
2435,36.92602425610933,44.350806252955536,1
2435,43.150213704631135,38.53496212123177,1
2435,20.436991984969804,37.283096365345735,1
1102,16.994888021003327,48.196508854055736,0
2435,37.23361947870177,36.0627486606388,1
1102,32.234193395397355,71.52968050164792,0
2435,40.25486330274816,33.73750788780376,1
3892,19.193171298788684,60.56532768898738,1
3892,38.858019355796706,89.8018112311786,1
1102,21.048819601432335,78.83821617036114,0
3892,19.909678285971136,66.91316629386066,1
3892,19.92797393792979,48.3752172471967,1
2435,39.43724160694146,67.43375017749831,1
1102,34.955916620886,61.6224878346991,0
2435,30.69196274307358,55.565003033422286,1
2435,25.764914523705073,37.84262260441197,1
2435,41.31601622439325,83.196252914428,1
2435,26.773353222679063,56.98707892927935,1
2435,39.497983184147316,41.6773507092459,1
2435,28.17404725710655,52.06556105263738,1
2435,26.308332882747226,54.84778515173562,1
1102,28.880393570088195,79.65227373401245,0
3892,24.04133622492426,74.01686283368412,1
2435,37.428281405287535,76.15829361848039,1
2435,30.081611702774374,30.661875865718834,1
2435,21.96638085440452,54.96923989078569,1
2435,41.987237198237054,58.88064909811942,1
2435,26.516736641196342,31.151536609383403,1
2435,31.306585833419657,45.58879252470206,1
3892,42.19416332893641,75.6173893873281,1
3892,33.72713987741976,38.22658234373994,1
2435,18.506941221250923,62.1186078871555,1
3892,43.19496370840425,42.91211232103425,1
1102,33.83124159214253,30.727246478633596,0
2435,25.047168439712586,44.472087455972485,1
1102,19.17816217990162,88.55242529460322,0
1102,38.82075567810888,78.09222671297937,0
2435,33.60218267785541,87.574598659262,1
3892,31.003832759289647,59.27124263558174,1
1102,41.816777491528725,36.584171920650206,0
2435,38.65791633673592,62.87756933842158,1
1102,19.550246391982533,57.26264007359765,0
1102,24.351662033866447,80.66142496437695,0
1102,22.45467419443397,35.88495484705467,0
1102,37.31838877718031,59.29446822130669,0
3892,16.005973042073382,39.00291988163906,1
1102,32.0966905461395,49.480555613403595,0
1102,37.87376057222072,74.24142464326798,0
1102,41.30296910285249,58.56108776212599,0
3892,25.262452461477224,52.553297108746165,1
1102,39.637719140160385,53.66857671420212,0
1102,18.318952108656216,57.5668061043592,0
3892,40.39356875203555,77.10099263022342,1
3892,18.824659869959472,83.52508133641406,1
3892,26.918618716811018,87.3200811902357,1
1102,38.91886097338661,77.2142031753177,0
3892,19.497522820463214,48.924413744880766,1
3892,21.877541856979246,71.28808236519254,1
1102,36.66757705179199,56.25618744332351,0
3892,36.601096096382236,45.28023732276307,1
1102,34.23442898655892,80.45229476555537,0
2435,35.818453334013,32.3055809377395,1
3892,31.281733300427884,84.1057195281254,1
2435,22.553971767208584,57.68864787748405,1
1102,25.370879805117582,68.23208860849682,0
3892,20.44793150404277,69.56123533234697,1
1102,42.25351684000885,83.70706444239218,0
2435,32.50175384298362,68.20018093003245,1
1102,27.025542502909197,66.8360150856037,0
3892,28.860174109323978,33.999122433641396,1
3892,43.41850018835446,61.104481316712246,1
2435,19.600542093482407,39.010140049022496,1
1102,32.58689496050391,74.24602612328914,0
3892,30.17666036653398,60.73331524876047,1
2435,33.343627063039435,70.8136667525012,1
3892,15.543305514625215,32.50037403614306,1
3892,41.16371726832455,35.087520962748194,1
1102,42.96354847450837,72.97940328376094,0
3892,31.953995507676268,34.325060159920405,1
1102,35.89952471630677,34.27540366591552,0
3892,42.67498143531887,30.726508514093247,1
2435,36.217159029401955,87.39008389796881,1
3892,19.57617128742784,74.25050156754043,1
1102,32.288650805004394,51.19508451012385,0
1102,33.201451391485676,47.792134877259315,0
2435,27.72392013907158,50.982193784750976,1
3892,37.09332706874169,76.47921187087091,1
3892,43.03101044307044,69.68223666422486,1
2435,42.767055387203285,41.11173407204808,1
3892,28.525181142123962,40.44656012004506,1
3892,18.39714137522266,35.90373898280384,1
1102,44.54523596887004,69.61816318208028,0
3892,40.166942593378025,75.86235973330416,1
3892,18.739880436098005,45.90278569950024,1
2435,42.625256478521166,31.25669766185477,1
2435,41.09689086186385,34.93030004858564,1
1102,30.56514171378216,88.07160209070183,0
3892,32.73826307234788,47.72668664864521,1
3892,26.970081116103906,76.15338887028801,1
3892,16.64284916466094,67.47981413125584,1
1102,25.05591724937703,52.91637837917375,0
1102,39.085603457940344,42.341235731733306,0
2435,15.138960690138086,37.283185089564384,1
1102,25.004975150734325,66.900778082332,0
3892,26.9450608077283,76.47802683826728,1
3892,31.121868088137685,68.63425521246785,1
1102,42.59566849238281,61.8181279949495,0
3892,25.390379830978837,32.517073405898174,1
3892,25.40859605688683,88.10932665566303,1
1102,37.125037443292456,77.92285149927447,0
1102,28.566538226694213,47.56932220205788,0
3892,21.73814468819946,88.79821976153104,1
3892,28.5731854839808,66.11289537817933,1
3892,19.225710611393996,64.94535949243479,1
2435,20.2916095951867,74.88439076577193,1
2435,29.951033182184393,78.70618728540825,1
2435,27.56776348513644,69.38871643989016,1
1102,42.445377032043,37.685744781972005,0
2435,25.871816973498994,50.296050359669906,1
1102,32.4176505083413,85.685018419563,0
1102,33.96792863758591,43.476936710631115,0
2435,15.392833697650008,52.330021430250795,1
2435,34.906121160501314,55.92461297665176,1
2435,20.341079006092542,56.36429938166713,1
3892,43.832109524083656,66.77637494967152,1
2435,19.45988183259339,86.58455026468246,1
3892,27.43872371181071,44.4415627099503,1
1102,17.560490042359316,37.290082578055085,0
3892,44.90622755537842,41.848229391596234,1
2435,30.065850309937275,83.21549401255618,1
1102,32.86155051960131,68.74864875931236,0
1102,17.012294321652824,47.15440735434961,0
1102,37.498814111975335,78.95681633811704,0
3892,21.297167792867572,81.68219978180616,1
2435,41.94162868322141,80.79086032141669,1
1102,21.154189214460217,85.13559201837327,0
1102,20.720631619909998,45.134461210401696,0
1102,16.096490035442848,75.3025157247767,0
3892,29.162008353299978,57.632369836448404,1
3892,31.945233997878493,80.5199131734037,1
2435,16.97125918285057,73.70944062969679,1
3892,38.26582850085032,76.58684678998347,1
1102,28.598665042440828,69.36971026086428,0
2435,30.7317080798274,40.645726168182414,1
1102,28.222882408146845,62.7016151338163,0
1102,27.02289182625978,89.0801843714705,0
3892,31.789209939246536,86.24328398982713,1
2435,19.657207377921374,32.5904241478207,1
3892,20.457843914858135,39.888888943766226,1
3892,40.85356863040552,37.903726407273716,1
2435,43.38346386400898,73.55879459911773,1
1102,26.199279488392587,79.0671197914167,0
1102,23.122340194306613,42.81068197864032,0
2435,34.31998629717047,60.351161577109735,1
1102,27.26202513294289,80.44218168067201,0
2435,15.761590669810346,73.96809268597504,1
2435,19.68457792098571,62.5342323295109,1
3892,36.47916686542193,65.42086142752638,1
2435,34.76771825730454,60.5016328149768,1
3892,15.812879775104506,47.85290707912924,1
1102,21.659164857988483,63.90131957154097,0
1102,21.93224389764214,71.33311812300545,0
1102,35.15678230796185,82.39937495164847,0
1102,15.591316132630924,68.1774812387549,0
3892,18.123257459537214,75.66729222258948,1
1102,38.99748256119568,39.60429809727438,0
2435,20.35633986163001,57.693448465187394,1
2435,34.582383235556236,30.559897189625598,1
2435,22.145483431401797,44.80073187129738,1
3892,17.983241782780354,73.5877029067803,1
1102,22.295165729983623,89.5085970809618,0
1102,36.66800795566978,35.95068597523296,0
1102,40.67089404318857,54.08965895167729,0
3892,39.90659593700975,78.00425812194956,1
2435,26.915505888553646,42.24213807773393,1
2435,35.042554097119385,63.30509695813718,1
1102,21.14952886247463,73.98427776178049,0
2435,23.794431907830397,66.95912701561073,1
2435,41.89007455563359,41.28148407692497,1
3892,15.39005770532208,51.323074121144366,1
3892,17.56525592563404,77.02750706912383,1
3892,21.23658765438082,63.253590847921,1
3892,15.795966116214592,30.313776812574766,1
1102,20.44306305269392,75.65944560168563,0
3892,32.49124682909077,32.118681296414344,1
2435,27.64273651777494,74.74402696387392,1
1102,41.780151332309245,42.14883360991425,0
2435,39.523306852153226,87.48440880716282,1
2435,25.254520550936277,52.07644507812507,1
2435,22.782703002938774,49.615896980284745,1
3892,26.390772245018006,38.93328301994668,1
3892,32.70884827544423,48.33625292941289,1
1102,23.041909224686286,82.59904570969204,0
1102,33.72446723547402,89.78006025763483,0
3892,27.282349565737213,52.098571830410904,1
2435,31.561415425559407,56.916637857272555,1
1102,28.0837958740595,73.32425629216422,0
3892,23.83397278625753,83.17174682790447,1
3892,43.4535992088647,65.58266005120706,1
3892,37.908173824792826,53.491541890669765,1
2435,19.203395272993575,54.75731045091742,1
3892,41.05403927693739,71.73708878980841,1
3892,29.62293594748541,30.193095816256722,1
3892,41.836566806822745,67.17536024759045,1
3892,38.995657678419455,51.329580626481444,1
1102,27.756405134077003,77.65183987662505,0
1102,15.674079249603523,35.57943838938793,0
3892,23.060320781548384,65.29213601690343,1
2435,31.249026439826007,58.858373393167426,1
1102,34.00434659478442,68.53953155431364,0
3892,22.73663056299607,33.8912156689781,1
1102,19.180682222184725,64.79902724568788,0
1102,40.04790710397897,63.689075277571426,0
2435,44.532065421106566,63.639605664970254,1
3892,30.770705469080575,66.20925999578729,1
3892,20.150378575449103,70.58807623358173,1
2435,23.169219795581068,78.29933998084618,1
2435,15.551720296424001,46.18924320769286,1
3892,42.428964196814974,79.50296461080373,1
3892,18.532532486704234,59.89534093580722,1
2435,32.29549426542761,34.62349674805987,1
1102,23.22165662061618,33.51305575463875,0
1102,31.6253400754738,50.05429912176365,0
2435,34.542611650555926,77.09381862668806,1
1102,39.89225411121605,72.46085608445495,0
2435,21.1926381528181,77.31689788034438,1
1102,15.329874859754414,61.03614338649656,0
1102,19.106568902064218,56.41193987732943,0
3892,42.00055925544315,38.84715160237704,1
3892,41.216702326875456,49.69156521655869,1
1102,32.92239306510925,56.04116197043251,0
1102,33.0155058130096,35.31602578077703,0
3892,34.95110023638766,43.236717162672676,1
3892,20.261138358703487,65.89351764382434,1
3892,42.4323583777488,74.1397868543514,1
2435,27.563115746762193,89.90085068357698,1
1102,26.494155847484926,85.98679988061346,0
3892,30.567531158485124,68.5539119721115,1
1102,16.408979003251652,55.27488319764432,0
2435,19.98850106268238,68.17064188249395,1
2435,37.141008492791116,77.13909708481393,1
3892,17.483960037753793,37.10017145540324,1
2435,33.09456328399165,54.59429338177729,1
1102,22.36047329043963,80.38813713813704,0
3892,26.678868421259295,53.02997711598264,1
1102,23.660812103120996,64.31233627363119,0
1102,25.670181493948476,65.26616165173189,0
2435,36.571377155527365,41.06857518801836,1
2435,23.91365146869525,51.734126499137304,1
2435,31.992139208906917,50.07067732451593,1
2435,29.28151206597299,31.571802511923888,1
2435,34.91013496087945,31.451505833481313,1
3892,43.10489217974274,79.9018226205464,1
1102,36.977162916307506,46.38424859836874,0
1102,21.448211357722702,61.084725974328926,0
1102,15.93549405183854,47.92353441532639,0
1102,22.867921328994754,86.44075470692043,0
2435,32.852337921007646,45.55780553194643,1
1102,16.54277440452751,55.779408764336104,0
3892,29.890987416037092,82.36381502907611,1
3892,32.90528546750667,80.51601400750852,1
1102,25.027316724508825,41.16608507077664,0
1102,38.12736611237466,78.15859858774263,0
3892,18.197947594013154,57.49121320427356,1
3892,17.254133452074264,58.97813232512131,1
2435,36.8456626861081,38.00879834495663,1
3892,29.864739486185954,34.836090825427476,1
2435,35.65207189283208,73.6763584184259,1
2435,28.044820158112387,59.787669141317984,1
2435,22.392060997173203,56.21104215691077,1
2435,39.57306953022599,73.7704937191438,1
2435,38.982476369069374,75.93077393946658,1
1102,35.8408941256328,39.53449006016122,0
3892,23.16435411689888,66.61350896865848,1
2435,32.706920006072615,38.12124493666113,1
3892,25.829216908200806,75.08250516174274,1
3892,17.747462199799024,69.41730937602837,1
2435,42.51940726386728,87.39687726500748,1
1102,19.104558927568842,34.13748098138527,0
2435,43.50712061462407,33.423283269075256,1
1102,28.380173188738674,46.93122448159201,0
3892,20.55398786515859,45.70234102415436,1
1102,31.257028421350743,44.81872794431999,0
1102,41.188375076292246,84.3752748312622,0
1102,36.96674659228684,44.972771990970365,0
3892,39.19683443584349,46.316983567717855,1
3892,34.76350100132152,75.56389574507782,1
1102,35.768296935535574,56.984390547032405,0
1102,40.47586954695958,76.60263341731087,0
2435,22.490040265775576,33.92196945386311,1
1102,29.682748909294215,59.25427162040306,0
2435,21.636283254588065,32.016816010996955,1
1102,44.630040239899415,33.75919220732127,0
2435,43.321780190598396,84.38624720066466,1
3892,16.182804341055178,38.354722267055706,1
1102,36.16725517547066,61.94524093651303,0
1102,42.757449522469976,54.66573615604239,0
1102,20.417260353820005,50.84059957553056,0
1102,32.038356916578884,83.99000074123634,0
2435,42.46464892764126,31.30940380652937,1
1102,16.018379357573966,69.82738117053535,0
3892,35.922608017405196,87.80366605281303,1
3892,23.920470221176522,63.610091007710515,1
1102,42.73188586129591,86.20934772198551,0
3892,44.131747354961036,33.13547275716142,1
1102,43.32799467340302,55.12759914444968,0
1102,29.226426499723914,45.60946745772307,0
3892,40.86127952967941,73.84925789884379,1
1102,40.33648195605211,88.8778254298348,0
3892,24.573014197297667,45.39180374665487,1
2435,39.86746422452032,69.25047608844446,1
1102,16.110229041464777,41.88585796558441,0
2435,32.888096354461595,63.919815274296596,1
3892,21.90026511863109,57.83594920130017,1
2435,18.617006573318363,88.32031977789222,1
2435,17.308596048876275,66.51163636178799,1
3892,35.88866327634419,50.97038232520913,1
2435,25.196248913041984,36.845747093276,1
2435,36.74300314586284,39.07480972409607,1
3892,16.96069022396827,43.519015797074104,1
2435,24.45871013491831,45.05799968041788,1
3892,31.184738771260115,81.03696347046827,1
2435,38.721694945168906,63.6733672969515,1
3892,24.562575087962095,61.403454682461984,1
3892,33.77674129311028,36.88613231215305,1
2435,41.57933244708562,81.6083816009661,1
2435,33.47589564546914,73.36885819250902,1
2435,21.988784242609015,34.0601017140001,1
1102,15.732023446696141,72.47010583378612,0
1102,41.1029662170279,62.61229304055876,0
1102,15.638082325511615,34.9035207448067,0
3892,41.24105018052598,57.498038491719385,1
2435,30.86811402081636,59.08177722780282,1
3892,43.17203095538689,39.94647240979654,1
1102,38.963497073209965,86.74188882001694,0
2435,44.93802331600013,80.99852228883972,1
3892,25.521354463551305,70.1413402397465,1
2435,38.0156486679338,57.73773366003643,1
3892,27.057927408277266,54.70593249507051,1
2435,29.396268609117264,69.05840802905725,1
1102,33.8251638965511,62.725912164414325,0
1102,41.21031342559016,33.73638635291314,0
2435,44.52250407597886,60.7501589262199,1
3892,38.04820241593555,78.38421703397037,1
1102,27.533003465020013,57.55439265581748,0
1102,27.640710068312103,33.117394653256106,0
1102,37.12746904766674,77.17669196304199,0
2435,22.16331437304907,42.08182692815846,1
2435,18.31422339394184,45.51725009328233,1
3892,25.638664729223294,39.882381205937754,1
3892,23.61716974962245,49.81290389228985,1
3892,23.889243613679703,75.4050903413181,1
2435,22.0082325314973,61.16315157023624,1
2435,16.262795689090858,42.29287644904275,1
3892,15.536218042002414,82.66980468912246,1
3892,44.63167169208094,82.77491129709175,1
2435,27.83319401207587,82.23470550276042,1
3892,26.52979941479045,44.32777268289236,1
1102,35.389418480792095,57.07436065085929,0
2435,21.547616635951925,89.0993793684525,1
3892,43.49883551850676,76.32074857859942,1
2435,38.590350432466565,31.63004527353359,1
1102,17.682330069367787,33.91227547562952,0
2435,27.52742327354785,57.835882608739965,1
2435,41.37354922686494,84.55321235169362,1
2435,43.34196066874231,62.32210787716285,1
2435,29.022045337496092,59.868750482057415,1
1102,33.40234167632123,36.32842199739783,0
2435,20.011018382762256,69.40680628345764,1
2435,44.7350587841093,79.32618963601354,1
3892,21.950151041503304,52.825200450453735,1
2435,43.281953224053765,76.53671105551965,1
3892,34.48939946977106,87.8685992340487,1
1102,33.232103846365774,42.22598754766135,0
1102,30.38065533049526,61.39977787168448,0
1102,21.92009435153276,47.22827748507453,0
1102,20.295840960165247,77.57126514203037,0
3892,21.61458627210526,64.65560195286946,1
2435,20.593147864327634,68.07494505301823,1
1102,38.3875342070026,77.87484957695364,0
2435,25.5037577750019,53.75822835974729,1
3892,16.73528029690189,84.90540410442259,1
3892,44.07307890422434,61.9817320347684,1
3892,41.51357654890277,39.47728937012088,1
1102,42.83256849585639,71.75394709012815,0
2435,44.847234679393054,77.59568102629527,1
2435,20.216857476584618,49.0057006240516,1
2435,26.887260567079764,81.43075541992518,1
3892,37.74715427112274,84.36859528594599,1
1102,35.88061854161377,46.614269242668534,0
3892,19.616877190195652,89.01128836291332,1
3892,39.474993749718536,38.442691682925506,1
2435,21.73321715509982,42.1209401041494,1
3892,21.71452844467869,41.053490354281564,1
2435,31.109232686802407,83.63938260047223,1
1102,32.78819804525109,69.2575531394977,0
2435,32.402586235134336,39.12625699333637,1
1102,17.744605121932647,56.41940510210094,0
2435,41.32382587891141,66.91788150418813,1
3892,22.96800127766118,35.007845099362996,1
3892,18.885447638484123,82.94498210444033,1
1102,41.662442396069316,78.21621212649211,0
1102,43.6695449468926,60.31240641459829,0
1102,40.86382851796352,88.02759691555022,0
2435,39.285482241746344,55.06565875650598,1
2435,34.65725941917065,89.04661914218987,1
1102,31.52572111827418,70.07519992821761,0
3892,17.609602797342305,68.0802763952365,1
2435,27.25359639212096,39.9572937177471,1
2435,26.18065551036942,82.91566549827864,1
2435,22.792613512809787,55.649381275236905,1
1102,36.702603410657545,39.734004346948765,0
1102,29.876272052363124,30.75645119854554,0
1102,17.431386477229438,63.585341018302955,0
1102,21.60549605849434,61.64397732736058,0
1102,35.49776290978788,73.16121734214951,0
3892,17.283925784709005,83.41548318106813,1
3892,40.53620742146306,34.76439507858177,1
1102,29.85439581041923,73.88978942042175,0
2435,29.41759731979944,41.244716645854936,1
1102,32.77223353978553,81.49062318942984,0
3892,39.740428977754476,79.14381083169937,1
3892,25.43427623706579,62.44762529913266,1
2435,35.34048457677191,72.61456791739869,1
3892,31.97195891987373,48.861006791024906,1
1102,23.01084810508264,58.27007393596888,0
2435,41.358899590654744,79.2982138626283,1
1102,38.92278064820785,57.55591183039283,0
1102,34.75355503975277,51.46789591952651,0
2435,40.51745187282726,59.65274683501799,1
1102,41.01882602879407,79.6949551462331,0
3892,36.25088930145104,50.11248284225236,1
1102,40.11039985091016,40.42569558814463,0
2435,35.92414385007851,72.72084121984685,1
2435,35.40422315280901,79.55869276248491,1
2435,33.55834134645553,36.038248711412,1
1102,37.58149918672923,44.39244676535668,0
2435,19.75815315879221,38.51831938565964,1
2435,41.426122775967855,50.87648469493,1
1102,41.15530583235696,57.021058734324754,0
3892,15.877418491036774,74.92958021779839,1
1102,39.77450251694288,69.06885509290045,0
2435,18.866096024203355,67.25571404870587,1
2435,25.053565627774255,51.142496796579266,1
1102,37.30524768874823,80.4868531850856,0
3892,19.822796881449246,58.27723004388987,1
2435,39.53901072357186,88.74629628090926,1
2435,39.964025338732256,68.04852829774421,1
2435,30.224032012825084,37.57588449387016,1
1102,15.191576151505007,70.57065372452604,0
2435,23.61114399524738,49.506240925901935,1
3892,33.507807551272265,71.17963180116584,1
2435,44.435585340822705,34.178468889744344,1
2435,33.95440581050005,40.49288623055756,1
3892,22.794107431924793,81.34423553434718,1
2435,34.02017109298834,43.63077342141089,1
1102,31.199561391475665,80.22246751457641,0
1102,38.39536185453431,46.75656530726462,0
1102,18.20941916480875,68.57291460352246,0
3892,37.83083707506084,71.64903441058986,1
2435,31.23799736028331,60.759285188703174,1
1102,43.88976011576984,48.31864060180388,0
3892,25.25616498116058,42.75866258226577,1
2435,33.97865679401845,31.991361273745575,1
3892,42.960843165300524,48.23678407444343,1
1102,18.07529183972038,69.18976743187699,0
1102,43.11685461709354,86.29828910690895,0
1102,35.636571669024406,82.27226893578313,0
3892,17.03511177315516,75.96388659211816,1
3892,24.028907008404488,77.30684059519791,1
1102,36.24516265935845,69.89909420855972,0
3892,17.020518044063152,45.61721145396018,1
1102,32.4651138052882,84.43170184234978,0
1102,25.376491708588702,70.24393871435004,0
2435,33.62746553302431,63.6264378588264,1
3892,16.372261014375386,36.65936815280887,1
1102,41.146104184571286,56.82333262838553,0
1102,44.2046690753219,57.62149627211558,0
3892,44.06633565857074,81.87381657136021,1
2435,37.48955495228774,62.798893211267306,1
2435,18.90258720391896,52.824032938224576,1
1102,37.747895877870675,88.60801971063955,0
3892,15.737607493764045,36.643235599578944,1
2435,15.663706545869918,55.352905698716675,1
3892,24.708306574486237,32.52148051028432,1
3892,29.659295712139972,74.39424724601582,1
1102,38.112222534233794,85.08459313194903,0
2435,35.49886129819515,46.80223977302937,1
1102,28.37708119130245,81.50050060794726,0
2435,23.208799988449975,47.53309382771387,1
2435,44.913735004731336,84.64620969863492,1
2435,27.78543906707919,75.23771421580705,1
2435,28.541610729890266,78.29440661048632,1
2435,19.908714635750076,31.08039333602727,1
3892,38.84428646249788,87.76862142444156,1
1102,35.81046677344466,73.6002595242194,0
3892,21.62308838366281,48.285065723168,1
2435,17.47143136847528,79.76367989153081,1
1102,35.41497906224139,46.891271904895795,0
2435,34.63533642843406,82.36523037396768,1
1102,23.197785809946282,36.75482342471622,0
3892,43.52590686751231,72.22115864764774,1
1102,19.531736753427005,62.44190859869462,0
1102,27.970044031278057,35.792068211726445,0
1102,43.30847760502797,44.51362969553034,0
1102,27.59181950778367,30.74424217663889,0
1102,34.15577842992256,58.12607792787035,0
2435,26.927831938883827,48.07591564560002,1
1102,23.226456070460102,65.90144905786553,0
1102,44.51932943879485,47.83426846251703,0
3892,27.280020189451292,47.99514669041908,1
1102,41.82297611037403,74.5915919238962,0
3892,21.898638176732586,32.88857015870121,1
2435,21.3931411207525,84.17369971151923,1
1102,15.93402248653534,81.13583246347089,0
3892,34.550004761276554,70.06828099358438,1
3892,26.055790311712833,65.59329420644306,1
2435,40.93074749518911,83.53814988837914,1
1102,29.196297200746713,41.11981077172287,0
1102,44.045802837441656,34.73814973144972,0
3892,20.565765471093634,44.370610194572286,1
1102,41.05869503866832,77.67469672201142,0
3892,38.297905583752254,32.080216003589,1
1102,38.127655339321564,64.96841010500938,0
3892,40.34349684350663,89.7262509714786,1
1102,37.830719728289964,81.34176563025237,0
2435,33.78660964894246,61.28674134261537,1
1102,18.937346330471627,33.81845455719854,0
1102,15.975785384737557,79.88241086314258,0
2435,42.6254354344706,65.93871049063263,1
1102,33.499509435622144,36.89597982357401,0
2435,38.89611872928529,35.63143708940137,1
1102,29.4456705453765,84.57760916619554,0
3892,18.519245668871832,70.15201577628471,1
3892,18.755573766076512,79.75720795900534,1
1102,35.566958616869144,82.73873401693604,0
1102,27.909176846983883,64.30634112289934,0
1102,21.0157418010101,61.04678110530247,0
3892,29.747836402243106,55.82564461925941,1
1102,16.92626811225402,49.01679526746716,0
3892,32.45914205743196,56.07575765152271,1
2435,23.06980213305293,76.43277934380939,1
3892,38.92677301911564,66.11540586090788,1
3892,24.310858767707213,83.55139739729077,1
2435,28.656604472454035,56.602800862751266,1
3892,15.348616197243018,66.42537472312524,1
1102,17.173406633836766,67.87845318551932,0
1102,26.774806692200542,65.50182973837954,0
3892,29.398165041513707,72.15802638513098,1
1102,33.00061644357911,44.246008102488375,0
3892,23.749877361279097,60.741826652747434,1
1102,35.849456583796275,36.25348816850086,0
1102,40.803671915676134,53.07067965868875,0
3892,38.3955296668005,59.26002411727586,1
1102,16.188564760450713,69.13345557272835,0
3892,29.415208417734867,87.0318631551722,1
1102,18.147905352545244,66.03906399290136,0
1102,22.261350475875822,74.61563497059359,0
2435,44.59987779801439,60.37596356971217,1
2435,19.2748662870454,68.04624188257988,1
3892,29.966644603540683,34.25593296802641,1
2435,33.54467202954358,45.26349485051082,1
3892,36.07394911632312,51.711185592308325,1
2435,31.789460504607423,58.349601300390816,1
1102,15.29312542257551,32.738924730143026,0
3892,24.793839247319756,38.401445853199064,1
3892,30.531349301541344,46.60885846747834,1
1102,17.635994974345,88.29196145406304,0
3892,25.518807936275422,49.88082042618305,1
3892,15.996093263740997,58.92246348672495,1
2435,17.35735491465062,41.76586276430358,1
3892,26.907698286047882,66.64680426454609,1
1102,18.98147262129181,46.84099293095846,0
2435,32.02622544784674,42.419554706305604,1
2435,35.683949074117976,60.99435770675875,1
1102,39.017600973272486,30.33034794962525,0
1102,21.004507327344303,30.45984195895352,0
2435,20.024477467772094,43.14412854611147,1
3892,18.137035210032007,32.20328175004927,1
2435,34.0929074863091,36.48154524784148,1
1102,36.19427179460703,50.331638960325094,0
2435,15.947584344769261,78.15514077478878,1
1102,43.086367387310695,64.32291860215804,0
2435,16.559138509544173,60.76006355738498,1
3892,31.238890059032116,47.6093293924873,1
2435,36.27181558352749,85.90522316596898,1
2435,41.129073712382564,53.8209024742315,1
1102,36.42260796397284,35.22556600774629,0
1102,39.051842492093755,67.02399096706807,0
1102,25.183505776284182,36.83030360859608,0
2435,39.44475341239537,50.71338856810152,1
3892,17.403445391540252,60.44471632306853,1
1102,41.84449968181583,82.45335148111054,0
1102,31.42777128461209,59.61279482040712,0
2435,39.51893309887481,72.13552596189986,1
1102,28.569548535549004,89.56901033994421,0
3892,34.30733085589575,37.8893471938789,1
3892,30.792079828083395,46.48389153117117,1
1102,36.947685652659956,53.674564535858785,0
1102,17.448899460917687,55.30969071232988,0
2435,16.810562519716914,54.66126451593274,1
3892,22.41309702030439,84.4566601533933,1
3892,19.78634040339565,72.84195866801139,1
1102,41.15350699776605,66.47431284544223,0
2435,21.57641962074133,48.562363071766924,1
3892,44.27595767457394,79.42742305327768,1
3892,25.106873753133208,87.30363068909934,1
2435,20.463537470660977,79.2718969530136,1
2435,38.690955214274375,30.093906311488375,1
3892,34.761233265026284,68.18408221100442,1
3892,29.94587149359417,33.06812288652604,1
2435,31.660906528128937,45.456433220023314,1
3892,36.57605334816792,33.5714820208663,1
1102,21.853642239938964,66.22772717696327,0
1102,44.89001748170226,71.1953948095564,0
2435,44.2437948644035,36.86925828395431,1
2435,34.50977059040811,53.030332982698766,1
2435,20.986273527874353,57.374190537332524,1
1102,35.40684727293874,52.14318130565499,0
3892,17.165952269375275,37.26150002911158,1
1102,15.919575066174183,55.136867411248524,0
3892,22.73048665533641,75.07068286850509,1
1102,28.87868870217949,34.26045987199533,0
3892,41.04817516225141,34.810800844914205,1
1102,36.81507209298924,51.28627751015905,0
2435,37.28119563599943,86.5035426971355,1
1102,27.76480003344226,70.11435880337484,0
3892,25.378049776408886,70.7201974003539,1
1102,26.131162889538082,51.715199450271896,0
1102,44.62948691208173,65.6196474725123,0
1102,16.203275742374473,30.607871041664602,0
2435,41.01094488367346,68.16576278457254,1
1102,32.3602622571718,84.7972168545742,0
2435,28.158462575687714,66.75440810068915,1
2435,36.757729812454095,82.42191560798071,1
1102,29.600068242741088,73.43838332796562,0
1102,41.20269714244982,37.23350498422141,0
1102,42.02105592033776,84.14719843715051,0
3892,27.651627806203663,33.986630661346496,1
1102,23.304833917051546,62.03804835286583,0
2435,32.77050985780087,38.52822742760746,1
1102,42.37090036850073,30.702396643854243,0
3892,21.319865670169996,55.32205560765834,1
1102,33.688997506904485,47.702442459249376,0
3892,33.94680660277562,59.16002962785618,1
3892,36.99339067245843,64.63199320407304,1
1102,18.947030553817793,32.624344338536844,0
2435,36.47474894046266,37.38019770742474,1
3892,42.270975619969235,63.51854378702552,1
1102,20.39049326610726,50.59004119035949,0
1102,22.12629974771633,73.75040925296688,0
2435,44.14185282124919,69.13749891551637,1
3892,20.429308581284694,80.73626177939441,1
3892,40.63155280108737,71.54956960015352,1
1102,29.768335693441045,55.79586464340889,0
1102,22.416932232095313,70.37799734366595,0
2435,41.12249703817534,46.52287045532511,1
2435,28.359157650079965,48.37880992669276,1
3892,30.444520617890706,77.3391095952476,1
3892,25.77700108199297,56.78517098409493,1
1102,32.788525543047825,77.90282043110115,0
3892,19.905716177550683,79.3453424200967,1
2435,26.73244609955282,81.45374025967703,1
2435,44.082369670058625,84.99811415047245,1
1102,22.744002981033827,55.859113230797774,0
2435,34.70209993623877,49.13200909926833,1
2435,24.755701926740848,64.93192479564684,1
2435,38.204193770598025,52.270345406257654,1
2435,18.926209821550493,66.06445000801398,1
1102,44.094631352356345,72.33515175862948,0
1102,28.61368624150918,71.30430110952821,0
3892,22.08151390039392,52.47317322120728,1
2435,17.204902419900378,40.01161210192517,1
3892,20.09273715262622,55.83176030773245,1
1102,30.593218456680532,38.55564864491453,0
1102,25.11009529293859,83.4058221110285,0
1102,39.866500976478285,50.75264764427145,0
1102,27.92662570985418,39.267584833399425,0
1102,22.461428177628896,31.526865594345054,0
1102,33.5143495981209,68.74934317718905,0
1102,36.203316506563375,68.21413904728459,0
2435,20.011257237028495,50.4362499948775,1
3892,20.02857648864953,34.30271333085906,1
1102,16.10014280800629,54.577733693713924,0
2435,37.09206045196922,48.67304970380361,1
2435,34.91413582865415,70.62723838410056,1
3892,29.238926272494417,66.34675496716142,1
1102,40.325113469075916,51.8756236918524,0
3892,39.170104588501594,43.0735532552994,1
1102,32.560630931902566,89.28215796933551,0
2435,41.04813841539776,57.24009727176689,1
2435,21.175236301103048,71.29645414681423,1
2435,18.357588581931836,38.43317805470164,1
2435,23.092488345509686,59.13538197956387,1
3892,16.712605682679445,31.652203192167928,1
1102,30.93508584003096,60.327307074627,0
1102,43.098170768848846,87.84104442706214,0
3892,16.18030622005529,53.05240277914801,1
1102,18.663297420300804,32.3397607544947,0
2435,28.565970848503056,31.85734745516061,1
1102,43.01625052583715,53.27920559681217,0
2435,24.484683149302516,39.60149618779164,1
3892,30.217044260651775,31.401125779691156,1
1102,16.247185771511763,75.37281683701062,0
3892,19.450296028862667,57.51138053291344,1
1102,44.598903688765404,47.35468631835927,0
2435,43.95356089308137,84.00499098098885,1
3892,15.148199428032289,36.96833761203153,1
1102,43.55435356269717,87.35512973731915,0
2435,34.17359813446501,48.83800304264117,1
3892,41.03754883560066,83.30422033852088,1
3892,28.642195669015774,66.1765725887677,1
1102,30.46788085737751,79.60244158448924,0
1102,29.665397407707605,89.04078979262786,0
1102,35.005927726383135,47.30432626912474,0
2435,19.189537642689388,87.66812912445558,1
1102,15.899207696180339,53.36891369414522,0
3892,24.23789824773573,53.130714284215344,1
3892,36.1404228820994,50.42322625527034,1
1102,21.05560356368845,62.48445644085511,0
1102,35.202972999747516,39.24870259070923,0
3892,44.097361383218114,63.22268912148067,1
2435,17.81702147368255,62.50228874460024,1
1102,35.17806354675379,75.7141087562922,0
1102,28.312506579137136,80.01899771625514,0
3892,41.04426763132516,56.42648101874544,1
1102,20.314493683421578,48.13999496108963,0
2435,35.778778566784936,45.56009383902567,1
3892,40.14345868944331,41.677430202292314,1
1102,43.3384265842207,33.458854931941495,0
3892,35.49744084868938,50.546878730082796,1
1102,29.91524292025282,46.21486152784699,0
1102,33.53541720603641,87.98504315198444,0
1102,41.06714953436155,63.462529575002634,0
2435,32.118292399164886,50.83662234183045,1
2435,15.911611790905106,64.82805605962176,1
3892,42.92846086520933,38.351802080741734,1
1102,35.68580253094683,56.642624952132174,0
1102,35.29540157331739,67.57405928526383,0
2435,21.470254571931516,59.33386990754708,1
1102,34.766564106979715,54.10672803925945,0
2435,26.815932169624755,89.63090333398189,1
1102,34.53698931124477,82.81888572893561,0
3892,18.19779090923972,67.40435748956641,1
1102,34.735359138091084,64.16264167093696,0
1102,44.98241177311999,67.23962878947503,0
2435,16.446361165816683,42.078726469345995,1
1102,44.31522552663952,53.70826459585912,0
1102,27.20723882168612,32.36757197345396,0
2435,41.12260351011777,58.5327622492096,1
3892,38.471564521748206,62.58147503745979,1
3892,32.01048782960004,43.664984166192575,1
2435,37.153476277539795,87.84173082993082,1
2435,41.35546683904043,84.56727665623453,1
2435,27.12420964953099,73.32859412735435,1
2435,24.81099484689716,62.00319772592175,1
2435,35.02780156690754,82.19814957886109,1
3892,39.23537825823776,37.83914062940777,1
3892,37.868554043298474,77.4305876564931,1
2435,38.93440946575903,37.489248838010894,1
1102,28.06749944438799,77.65263975296432,0
2435,39.53502648525065,46.546054095081416,1
1102,18.606271661118253,82.62543486109134,0
2435,31.334672938825488,86.64252562952387,1
2435,15.172759814943648,38.92775816430694,1
3892,24.73757489700811,57.760536303923615,1
1102,25.993846046141936,88.8592426897611,0
1102,26.885180748277662,59.004446158388795,0
3892,35.864016200695865,81.8128513508727,1
3892,26.65674303811037,65.32389132787918,1
3892,28.460808678675917,52.51979447517611,1
3892,22.126323926229823,47.147013331552216,1
1102,26.197553748880203,42.193385465165235,0
1102,21.818088817894544,75.70789148266184,0
2435,17.19587771305331,53.19243040938167,1
2435,33.10345780144134,60.67652773204507,1
3892,35.04638395665049,59.53952880007091,1
3892,33.584710380288435,64.63674175398788,1
3892,28.90482131401717,81.93462873747313,1
2435,26.393573405376895,88.84436061500577,1
2435,40.90000948715476,54.45505251442901,1
2435,30.572453554086543,79.65113532637818,1
2435,29.37545632889193,75.87166767928306,1
2435,15.769261974193071,64.41173708733439,1
2435,25.237434828784693,87.36282861671599,1
2435,26.405868563575712,42.02847093170416,1
3892,26.964683426907015,36.55585261857728,1
3892,32.40517107681997,81.23771801732534,1
3892,31.008076401806353,56.34898899802489,1
3892,33.23715278380334,80.81813125242363,1
2435,37.94649784626385,83.5854123117249,1
1102,39.3895721614828,33.74745561714428,0
2435,36.54369228679484,83.00788577916364,1
1102,43.66571087864804,56.89914332216533,0
3892,15.546977480290849,60.62594934025393,1
2435,20.87333957050638,67.59555066559261,1
3892,15.226886249344263,85.58295640380521,1
2435,34.42424142463809,31.146965665785842,1
3892,41.94091646849961,58.610608099069026,1
1102,22.304468897288977,71.26332254583363,0
1102,42.8110363438892,73.3624174618937,0
1102,16.808021708686827,71.55194589222648,0
2435,43.03308080416543,38.06610776448731,1
1102,25.54868061718903,47.963735302300876,0
2435,18.042624853476497,51.52293152502081,1
1102,29.57615277558977,78.2662324607703,0
1102,22.70329703161524,46.72559234487318,0
2435,23.546187058857683,42.64229783203219,1
2435,24.218698947788596,87.44688114228578,1
1102,39.0907769349799,30.531797106808135,0
2435,31.174838300257633,89.8692513409187,1
1102,24.33923097468011,70.60927793144373,0
2435,33.31001349932755,79.70815796694703,1
3892,36.48452022669581,47.67716378077159,1
3892,23.17872002200601,30.8589166600236,1
3892,27.406473045760546,74.2721711136918,1
3892,18.656582800108428,80.04867582004054,1
3892,20.43448048604041,74.42856791721115,1
1102,35.433535618949485,38.57101723805032,0
3892,20.44315043086881,75.20567533541814,1
3892,30.754901510011805,76.13536692645846,1
3892,36.27138785167298,69.5124309402033,1
3892,18.206307692842316,75.96695596773517,1
2435,32.01936658886711,80.75528638066393,1
1102,22.696883511040912,66.81624685424751,0
3892,43.887806257127394,35.31628283818074,1
3892,29.50636940159774,59.25766858003265,1
3892,39.17977649325474,34.6589600802963,1
1102,31.506796264687853,54.45258186194585,0
2435,16.302375985644574,54.42638934753766,1
1102,33.99454126782067,33.960590648414495,0
2435,43.54210026619971,50.92923203816876,1
3892,33.048354604389935,36.65988592747889,1
3892,39.57566578280371,78.49411260055334,1
1102,41.526193900452235,86.86128155786824,0
1102,21.842393158467974,34.338988515476316,0
2435,21.3613451972468,87.30691243750209,1
2435,33.32942966552975,61.354595960204705,1
1102,27.330854094201143,47.973940677232434,0
2435,40.19583908600161,34.61172451656981,1
1102,42.000693701940335,60.03745608422507,0
2435,25.602641379081543,77.67093266944492,1
1102,22.10611676923446,72.42518863600189,0
1102,38.41576545731586,33.01356068783843,0
1102,23.244181066444085,34.374110122074214,0
2435,39.67842955541035,54.17239695795823,1
2435,27.712147609462885,47.717429642876596,1
2435,35.02649697874411,43.94305938336287,1
1102,17.866059415040045,46.86026993452282,0
2435,33.715779740297194,78.20896459781308,1
2435,28.55303036211687,85.75368321791123,1
1102,32.59825389526422,54.30616167165398,0
3892,20.0404262323459,84.36666012794981,1
1102,37.106212348325464,49.28974207487292,0
2435,40.88391232629685,58.586219180627495,1
1102,21.50219400272327,43.56173986895998,0
3892,17.87143666560485,68.42856253055064,1
1102,15.709157581390091,88.73886691048853,0
2435,34.25914501329798,66.20958576260273,1
3892,33.212821082663424,51.46884504681293,1
2435,31.4009223814221,68.86904675943171,1
3892,21.958412883479262,37.375240707923254,1
3892,26.72717987716544,83.31954481592392,1
1102,32.83429005558519,60.185037046790185,0
1102,29.90300576577508,56.960984522378524,0
2435,44.63356560644662,65.15188730721115,1
1102,19.093192576701995,67.48703176736414,0
1102,35.85433662142781,34.30654837359078,0
3892,27.129563043128762,70.95703327340414,1
1102,27.84598844776844,44.515900818931776,0
3892,36.52793296974529,72.83715795039538,1
3892,35.77308453973109,79.3520876630518,1
3892,44.73767981106565,78.23751045315122,1
2435,18.851828683623758,63.15005804447335,1
2435,18.123289481524992,61.21019353864507,1
2435,36.730164513862235,38.5725576803647,1
3892,32.351607510192274,76.52076902418813,1
2435,23.224819996794174,46.28456282680286,1
2435,17.382581069669598,59.80172536907679,1
1102,17.569747487892915,47.056445575651004,0
2435,41.82572623992355,38.029701779981586,1
2435,20.756019741562287,67.77346181350418,1
3892,24.701146863465624,33.25992208937423,1
3892,21.79969206680964,74.918714047572,1
3892,25.64988917495812,49.055207715666995,1
3892,17.0827152823828,30.00808158026912,1
3892,30.57179372724811,60.66774835423379,1
3892,17.028376907766447,32.811114511656186,1
2435,39.01069523467085,46.57017346925397,1
3892,22.01136245731299,72.41858924734296,1
3892,31.200357438135317,33.76137729731195,1
1102,41.40237262684374,80.36030954136014,0
2435,34.52632107141582,30.229195359514986,1
2435,30.988733596540058,44.809432152114134,1
2435,24.730012593461268,74.45424336912428,1
3892,24.990057391745935,48.97620898375841,1
3892,35.0846086559457,36.11354328396081,1
3892,44.82418083663502,51.61403512802568,1
1102,34.85517569548136,46.22359718307153,0
3892,31.733502521100746,80.56271412963329,1
1102,36.919515307177384,48.80087505510859,0
2435,28.956168368511545,77.33594830656043,1
3892,16.804270278023555,83.51232868864409,1
1102,31.868904476337296,56.02904517459177,0
1102,43.728758535161404,84.59658863126353,0
3892,20.25908827072979,52.63908323779157,1
2435,35.70014672461997,87.8447049894065,1
2435,21.028010659771695,35.35737147153438,1
2435,31.074830534192436,71.22115599019457,1
1102,17.900293489401587,59.62884242741572,0
1102,28.511128087745554,53.25892832733882,0
1102,37.68489986685738,67.96271272491606,0
1102,25.42714572716946,72.23142549805988,0
2435,34.94735173461654,30.261796179018546,1
3892,38.86349882369188,40.01718532483192,1
1102,42.81533458438358,72.78276303805913,0
1102,22.039262455663607,69.98312481469239,0
2435,26.979477474279243,87.96285030772063,1
3892,19.57248039991252,75.66226741504698,1
3892,44.77450506475125,87.04636246388029,1
2435,42.81002903772886,72.15243009208842,1
2435,31.19871390841679,47.883132518366594,1
3892,40.26099883129264,36.32189533505139,1
1102,30.628739318161266,76.90943180069613,0
3892,33.70757064008279,68.64895328855496,1
2435,17.673732963480496,32.89116074359777,1
1102,37.65811261490424,51.6030279540587,0
1102,18.831404509057045,87.40798892905717,0
2435,39.78202890757585,60.02406874261207,1
2435,38.46084263011158,55.96374816118228,1
2435,36.26234093228929,57.46197630955764,1
3892,16.084811415742863,42.53296344030982,1
3892,24.093850678359857,52.122430251887714,1
1102,22.893377097325285,52.188795359230596,0
2435,25.80409222414557,33.14130121124835,1
1102,17.629282402915155,76.0540577110751,0
1102,43.10873469093188,54.99026591423274,0
1102,31.61406722137129,79.3307932089854,0
1102,24.165729319740706,81.02088006719373,0
2435,26.9094455122285,42.71964328191949,1
1102,28.41607621514507,69.44120893020772,0
2435,33.01783000081852,58.3369082497789,1
2435,30.470382830894934,82.8094042752891,1
3892,42.58175919643252,42.94444075058725,1
2435,29.908904487174908,70.66879201860266,1
3892,44.764740444699385,66.46512733516334,1
2435,40.54274873235288,47.718088654309966,1
2435,21.255315430720074,38.196054219070355,1
2435,42.91785643931749,69.09838562863659,1
3892,18.49099193656428,74.31584748793983,1
3892,39.523491254735745,48.937640625800995,1
1102,26.418698804297403,68.68995624133882,0
3892,41.33922961335209,53.7078544566902,1
3892,41.04170070322351,72.79241299695707,1
